{
    "thumbnail" : "oculus_rifts_controller_left_thumbnail.png",
    "components": {
        "body": {
            "filename": "body.obj",
            "component_local" : {
                "origin": [0.0, 0.0, 0.0],
                "rotate_xyz" : [0.0,0.0,0.0]
            }
        },
        "trigger": {
            "filename": "trigger.obj",
            "motion":{
                "type":"rotate",
                "controller_axis":1,
                "controller_axis_component":0,
                "trigger_path" : "/input/trigger",
                "value_mapping": [0.0,-15.0],
                "pivot": [-0.0031, -0.0287, 0.040629],
                "axis": [1.0, 0.0, 0.0],
                "pressed_value_override" : -18.0
            },
            "component_local" : {
            "origin": [0.002073, -0.04396, 0.04187],
            "rotate_xyz" : [135.0, 0.0, 0.0]
            }
        },
        "button_x": {
            "filename": "button_x.obj",
            "motion":{
                "type":"translate",
                "pressed_path" : "/input/x/click",
                "controller_button": 2,
                "value_mapping": [0.0, 0.002],
                "axis": [0.0, -0.927, 0.375]
            },
            "component_local" : {
                "origin": [0.005133, 0.00061, 0.057104],
                "rotate_xyz" : [237.0, 0.0, 0.0]
            }
        },
         "button_y": {
            "filename": "button_y.obj",
            "motion":{
                "type":"translate",
                "pressed_path" : "/input/y/click",
                "controller_button": 1,
                "value_mapping": [0.0, 0.002],
                "axis": [0.0, -0.927, 0.375]
            },
            "component_local" : {
                "origin": [0.009579, -0.006358, 0.045326],
                "rotate_xyz" : [237.0, 0.0, 0.0]
            }
        },
        "thumbstick": {
            "filename": "thumbstick.obj",
            "motion":{
                "type":"joystick",
                "controller_axis": 0,
                "center": [-0.011158, -0.013387, 0.04861],
                "rotate_xyz": [0.0,0.0,0.0],
                "joystick_rotation_x": [18,-18],
                "joystick_rotation_y": [18,-18],
                 "component_path" : "/input/joystick",
                "press_translate": [0.0, -0.000927, 0.000375]
            },
            "component_local" : {
                "origin": [-0.010789, -0.00065, 0.04051],
                "rotate_xyz" : [237.0, 0.0, 0.0]
            }
        },
        "button_grip": {
            "filename": "button_grip.obj",
            "motion":{
                "type":"rotate",
                "controller_axis":2,
                "controller_axis_component":0,
		"trigger_path" : "/input/grip",
                "value_mapping": [0.0,10.0],
                "pivot": [0.01, 0.008, 0.075],
                "axis": [0.0, -1.0, 0.0]
            },
            "component_local" : {
                "origin": [0.015861, -0.010463, 0.089375],
                "rotate_xyz" : [266.0, 5.7, -100.2]
            }
        },
        "button_enter": {
            "filename": "button_enter.obj",
            "motion":{
                "type":"translate",
                "pressed_path" : "/input/system/click",
                "controller_button": 0,
                "value_mapping": [0.0, 0.00075],
                "axis": [0.0, -1.0, 0.0]
            },
            "component_local" : {
                "origin": [-0.002372, 0.01289, 0.073429],
                "rotate_xyz" : [252.5,0.0,0.0]
            }
        },
        "base": {
            "component_local" : {
                "origin": [-0.00554, -0.00735, 0.139],
                "rotate_xyz" : [-0.4,-180.0,0.0]
            }
        },
        "tip": {
            "component_local" : {
                "origin": [0.00629,-0.02522,0.03469],
                "rotate_xyz" : [-39.4,0.0,0.0]
            }
        },
        "handgrip": {
            "component_local" : {
                "origin": [0.0, 0.003, 0.097],
                "rotate_xyz" : [5.037,0.0,0.0]
             }
        }
    }
}
